lat,lng
40.752733,-73.553038
40.7617483985785,-73.55254300878629
40.76190099547537,-73.54356757712345
40.75274452395822,-73.54377472768445
40.74405113852816,-73.54374182640636
40.74415059382111,-73.55296194790736
40.74391429643961,-73.56197778943513
40.7530977048072,-73.5616271156643
40.76187158078489,-73.56154513948432
40.771053530700904,-73.5618409601967
40.77122529132247,-73.55265775588724
40.771027583836464,-73.54361754103999
40.77076815247522,-73.5349986395821
40.76188236122588,-73.53497770159375
40.753169953006825,-73.53493391057822
40.74415056184726,-73.53492151212815
40.73507815724333,-73.5350119363537
40.7347381329074,-73.54375723652755
40.73508978135055,-73.55257193162328
40.73506300596591,-73.5620232688918
40.73491953935488,-73.57056694171384
40.743904249944684,-73.57077805172827
40.75283935024151,-73.57078494714533
40.762017264081386,-73.57093581833567
40.770887473198094,-73.57086658004576
40.779982460690285,-73.57094921738539
40.78003579138802,-73.56196873302518
40.77996877958783,-73.55280159041803
40.77980848849104,-73.54378146259728
40.77984158044065,-73.53473554184362
40.780121089071656,-73.52557235435826
40.77086284008735,-73.52556814106931
40.76207096908269,-73.52560855158137
40.75284417059454,-73.52575424394432
40.74385249985184,-73.5259512946581
40.73514088463624,-73.52603076074689
40.725773712731765,-73.52563626065779
40.72611835830204,-73.5349339525181
40.726146784066884,-73.54373369777242
40.725815397717895,-73.55255885334245
40.72621095359819,-73.56167015732888
40.725847253621815,-73.57102836485805
40.72605536592904,-73.57976521748796
40.73479568941302,-73.57988915493013
40.74381073150707,-73.57989310201746
40.75282947996889,-73.57995571076707
40.76183957217422,-73.58001939741749
40.77105060272334,-73.57957916671243
40.7802278146539,-73.57967871962461
40.78894734315285,-73.57986671490777
40.78874447519935,-73.57098937821381
40.78905027869675,-73.56174605674816
40.788868663184466,-73.55260642434037
40.78878384579851,-73.54379587603235
40.78899695999856,-73.53484630579293
40.789030160570235,-73.52591150082091
40.78903656117662,-73.51669480027823
40.780149703686185,-73.51685795724549
40.77115599107371,-73.51669550598191
40.76213154733629,-73.51689056369938
40.753131903244935,-73.51670077385079
40.74412396072911,-73.51697502696541
40.73513813362218,-73.51691311135394
40.726195202255376,-73.51698687716498
40.716829713137024,-73.51659337333727
40.716918540580046,-73.52580400247642
40.71706817258611,-73.53457956891489
40.71716937993424,-73.54375007536214
40.71704480112007,-73.5530335250655
40.717219608042704,-73.5617416582168
40.71709033083823,-73.57058565055598
40.717145647306495,-73.58003024314199
40.717149591530934,-73.58868576770317
40.72620265683326,-73.58899558988026
40.734925154891656,-73.58855619874763
40.74377181591635,-73.58857960445316
40.753109841139874,-73.5887658902589
40.76188699393462,-73.58866311552076
40.771127953684754,-73.58890028461028
40.77992915381982,-73.5885900544421
40.78891505285215,-73.58862783400613
40.79817475455357,-73.58856009678999
40.79812820714489,-73.57992204211078
40.797917388088315,-73.5708156894648
40.79820136703936,-73.56162552150565
40.79811485101803,-73.55267177400282
40.79795434453599,-73.54399056176635
40.798214798874284,-73.53454189279846
40.798142481760046,-73.52583213818835
40.7981977390349,-73.51660152317783
40.79782796995737,-73.507641893592
40.788873804196044,-73.50787552603558
40.77973693642799,-73.50796299945695
40.77110821043593,-73.50772484580231
40.76186798573756,-73.50797175916553
40.753012967482924,-73.50756040548431
40.743799469917,-73.5076732857312
40.73475137565635,-73.50786664525984
40.725888242145636,-73.50771737955124
40.71690483813237,-73.5078340938301
40.70799284804523,-73.50775600854033
40.708054744169075,-73.51695776180466
40.70797478199971,-73.52563684745242
40.70796561591398,-73.53459296594903
40.70813697214164,-73.54357178038104
40.70796741472125,-73.55298113377174
40.70817543399657,-73.56202776157741
40.70776122489334,-73.57058167612826
40.70821311348619,-73.58002167599537
40.708161762592134,-73.58900611011919
40.70802011095754,-73.59766314884209
40.716824159463215,-73.5976131082827
40.725830506596246,-73.5979504390033
40.73511994508598,-73.59793175005136
40.743740934596694,-73.597784914732
40.75301963539928,-73.59755749051087
40.76209601609836,-73.59780813014706
40.771214893269075,-73.59803796177367
40.78015679071824,-73.59771424289363
40.78883565244501,-73.59795735085669
40.798193272069156,-73.59763917463582
40.80686614588974,-73.59768596922072
40.80695301532531,-73.58854739171736
40.80694128066127,-73.57996174276042
40.807000902014146,-73.57097123512567
40.80699176351075,-73.5615384183871
40.807037970876486,-73.55294483737138
40.80675090464339,-73.54356421519763
40.80722484162502,-73.53466089082934
40.80696627919458,-73.52563674252345
40.80676304608846,-73.51665689352778
40.806802130145485,-73.50799981119447
40.80683513161047,-73.4989243183979
40.79821689370239,-73.49903582950122
40.7890778790469,-73.49865247435204
40.78003703912868,-73.49893339514631
40.771142541424126,-73.49882113394273
40.76203341162566,-73.49888832594152
40.75276725988497,-73.49897024401584
40.74393366496441,-73.49876155462759
40.73507513757511,-73.49902833993583
40.72575172568087,-73.49899917101091
40.716966468689726,-73.49876423252717
40.708037463319606,-73.49882455808834
40.6990856704785,-73.498706081769
40.69891710255196,-73.50757723612698
40.69890441471306,-73.51662814070657
40.698901364169146,-73.52600651664694
40.69897513534434,-73.53497618752573
40.69884364124992,-73.5436217392427
40.69900039749025,-73.55265969856349
40.69918650078286,-73.56172184485621
40.69887103635204,-73.57075168516528
40.69895461368971,-73.5799865015215
40.698822880462735,-73.58873856914887
40.69881506082853,-73.59754167378667
40.69903630852779,-73.60688844673771
40.707823867576685,-73.60691172643261
40.71710014790175,-73.606822252022
40.72587583419852,-73.6068749585401
40.734819597813996,-73.60687910381893
40.74387438861718,-73.60672258845148
40.752906821741675,-73.60688654031614
40.761755388740745,-73.60674721655269
40.77083458727486,-73.60657518620262
40.77996208731175,-73.60657474596091
40.78896996364039,-73.60694091050328
40.79811263548822,-73.60689943242721
40.806884198750296,-73.60666477734068
40.81584636096661,-73.60689954577957
40.815891233298174,-73.597778387464
40.81584047434147,-73.58895021733879
40.815877631321904,-73.57993516219717
40.81618671465852,-73.5708617314667
40.81622592568401,-73.56168198228647
40.81615996609835,-73.5525645150735
40.81607834137956,-73.54375320927106
40.81582059891107,-73.53462098825834
40.81617569790823,-73.52569637214154
40.81616717699574,-73.51700464442314
40.81621821731387,-73.50802717998408
40.81602512428472,-73.49896943961818
40.81618342313717,-73.48989487833146
40.80692032024063,-73.48987132432573
40.79779522611671,-73.48974851322973
40.78897487190415,-73.48976035596331
40.7800927333103,-73.48981174739752
40.770755174387844,-73.48979368158425
40.76177159642872,-73.48986322990955
40.75314226393001,-73.49001781932463
40.744022073796565,-73.48971964912526
40.734983360410936,-73.48975145466525
40.72616307871306,-73.48964415118803
40.717193943995944,-73.4896332966107
40.70815716150202,-73.48964099987165
40.69892707454355,-73.49001026439171
40.68974006483238,-73.48976806006422
40.68999452158665,-73.49864299207778
40.690219014597155,-73.50772935685175
40.68991793684228,-73.51684450418499
40.690083288219085,-73.52593884135176
40.689940580698476,-73.5349822472435
40.69013321565338,-73.54371185457053
40.69005723961749,-73.55255825967602
40.69000786693788,-73.56168206630797
40.690045150833264,-73.57093261933997
40.69007662015649,-73.5796539699785
40.6901943457797,-73.58888961312907
40.68977900815033,-73.59775740004835
40.68983454958746,-73.60699794230953
40.68996024394301,-73.6159570937204
40.699229415499296,-73.61577557874753
40.70780787845878,-73.61583156353169
40.71693782075887,-73.61562803769131
40.72622820853186,-73.6156513076762
40.73485203750241,-73.6159651874772
40.74398406657463,-73.61554008699387
40.752739028998775,-73.61590713452513
40.76199403022039,-73.61568839115526
40.77106677013928,-73.61579758647932
40.77985084896039,-73.61566848414016
40.78911536393502,-73.61595615969608
40.79784469180014,-73.61570594542835
40.80717612991243,-73.61589654939479
40.81576809249729,-73.61591018706483
40.824820236165024,-73.61567788466607
40.82502917887461,-73.60694588845541
40.82521052490025,-73.59788882335131
40.82515660241139,-73.58877544936115
40.82499739921059,-73.58002073053919
40.82500811495249,-73.57095009214473
40.82518573705968,-73.56154045190968
40.8250935680109,-73.55290409968647
40.82510772291298,-73.54387042860405
40.82518476496718,-73.53457247685319
40.825095882110524,-73.5256773789336
40.8251220364285,-73.51679772884049
40.825003153761756,-73.5079508364933
40.825114848814074,-73.49854191763858
40.825110164127025,-73.4897312482444
40.8248131940997,-73.48090276232931
40.816144567929484,-73.48083382629875
40.80692484001686,-73.48095041375775
40.797851179464885,-73.48075705206003
40.78899637586108,-73.48067279652327
40.78004538797106,-73.4808978500036
40.771110688053206,-73.4810222167132
40.76222257088146,-73.4809924213474
40.75316278082475,-73.48056591973233
40.744019710572665,-73.4806025339416
40.735115934195406,-73.48065448139128
40.72607507949936,-73.4806412938921
40.71707077519093,-73.48098118697152
40.70817397862515,-73.48093944976536
40.698780970526926,-73.48060183286476
40.690068474564974,-73.4806787854991
40.68107304904542,-73.48094535895687
40.68119837955605,-73.48995172124754
40.68111933332735,-73.49857314364152
40.68113841463732,-73.50770857562547
40.68106218997668,-73.51692566175267
40.68100957344127,-73.52572477412033
40.680877338503684,-73.53482565354547
40.68103573000405,-73.54373951209989
40.680902824488335,-73.55270849167447
40.681070838961205,-73.56169352227656
40.68108109417082,-73.57085363372143
40.68102528720202,-73.57988522397224
40.68117547930036,-73.58864237326637
40.68114729670941,-73.59758740224464
40.68082488677931,-73.60701520666642
40.68117177478579,-73.61579668124094
40.68102205782571,-73.62464167816533
40.69000953447754,-73.62470370281457
40.6988731749411,-73.62501114853548
40.70813435224038,-73.6250237155379
40.71707966200373,-73.62481929802506
40.725808838087346,-73.62471784001143
40.73488361818734,-73.62458493537717
40.7441152678598,-73.62461004930012
40.753137525572846,-73.62470175448165
40.761864150104,-73.62497471760925
40.77075500274931,-73.62481466481321
40.77996541647398,-73.62500541263674
40.789104176275245,-73.62497144792806
40.79816727286764,-73.62456297368975
40.80700268653597,-73.62501560715596
40.81612587886803,-73.62456872240683
40.82495854325446,-73.62471559626243
40.83401775576424,-73.62468877088175
40.83410642671775,-73.61580538379444
40.83378915303297,-73.60680635861637
40.83419550374001,-73.59758436803257
40.83405997863979,-73.58870894339677
40.83386427743924,-73.57999561017725
40.8339989693082,-73.5709357285021
40.83377468179965,-73.56165699284482
40.83411650154717,-73.55282787940013
40.83395298829463,-73.54401959291849
40.834083699049266,-73.53479423327514
40.833763211762296,-73.52595076213375
40.83382517075622,-73.51666318295372
40.83405533819821,-73.50803126992204
40.8337958322167,-73.49872308582935
40.834198219807654,-73.48964542943327
40.83377868748969,-73.4805508252321
40.83383139778409,-73.47182605879894
40.824862492282094,-73.47197450140928
40.81620760006634,-73.4715674206998
40.80704804266675,-73.47177008817629
40.79814027635536,-73.47157587765075
40.788980882761145,-73.47194615027581
40.77982543412651,-73.47175206413793
40.77101268310868,-73.47190845376764
40.76200334237183,-73.47179188124532
40.75279097459673,-73.47170654399304
40.743862134389275,-73.47172254137932
40.734966596239516,-73.47168437632027
40.72595778206044,-73.4718958267523
40.717005249842224,-73.47197565931576
40.70819680126584,-73.47160998612821
40.69913396991769,-73.4717584362977
40.68999871865764,-73.47162155283362
40.6812142131532,-73.47168605161048
40.671740229440154,-73.47191900379487
40.67201409777532,-73.48096897880167
40.67181432599716,-73.4897010952334
40.672060866328636,-73.49888600271004
40.672135920353405,-73.50763937415255
40.6718292198611,-73.51702269613195
40.6722222412582,-73.52556067861285
40.67193231912985,-73.53484721415126
40.672074493769514,-73.54367395448264
40.67220424051989,-73.55262298005385
40.67203126665619,-73.56170239063518
40.67209524629982,-73.57088484653364
40.67175456775043,-73.57982922657888
40.67207153124397,-73.58894162767608
40.672039554491235,-73.5977914814248
40.67193230321375,-73.60665617103415
40.672192009066436,-73.61580676298232
40.672136878630916,-73.62456494844194
40.67187231765069,-73.63368405055273
40.6811092182062,-73.63390279085475
40.68996865289461,-73.63368282762647
40.69880994162245,-73.63402655034373
40.708031682165675,-73.63391527338108
40.7168363519129,-73.63372748947047
40.726098873257776,-73.63377009481734
40.735155988834336,-73.63365458552953
40.744102953714126,-73.63373197304333
40.75290630815586,-73.63385086994691
40.7621819591692,-73.63396177961931
40.77086481901231,-73.63386746871878
40.77998561290298,-73.63399770086197
40.788826936155544,-73.63398023350867
40.79795813396285,-73.63390974278235
40.80715572406241,-73.63385686517223
40.81605236775826,-73.63393622558405
40.824956853954575,-73.63401422372455
40.83374199407089,-73.63387950382769
40.843048084834415,-73.63356226741402
40.84273390454363,-73.62483737102309
40.84281152469304,-73.61575679918224
40.84296983670991,-73.60659448369006
40.843154378204076,-73.59765859081004
40.84280075977485,-73.5887394679717
40.84275600275686,-73.57975195913728
40.842999154823254,-73.57091957531755
40.843180866468224,-73.56178901206047
40.84283310083026,-73.5526068009076
40.843115454956866,-73.54390126333675
40.84309094687049,-73.53457544989024
40.842914037087404,-73.52561907027363
40.8430196269211,-73.5166082901124
40.84278925122939,-73.50762238103256
40.8431582992833,-73.49855221768804
40.84302642520491,-73.48981133435309
40.84284654590553,-73.48054274824656
40.84284359950941,-73.47202201251645
40.84301911207927,-73.46285389029629
40.83399378264443,-73.46292492196143
40.82519222715148,-73.46286843329135
40.81576931385667,-73.46261411890976
40.806994278656916,-73.46265864054118
40.79781059905322,-73.46270550427094
40.78886639523287,-73.46283023834997
40.780173450577045,-73.46264450344668
40.77078691138057,-73.46283450360649
40.76203375287192,-73.4629093871922
40.752846487658395,-73.46290733746292
40.74396412066261,-73.46293103379712
40.73509088367519,-73.46282541555392
40.72622384212286,-73.46297632596144
40.71678538772466,-73.4625960273427
40.70806703662854,-73.46280244385702
40.699013842569684,-73.46270596807629
40.68997018197062,-73.4630013527719
40.681141409561064,-73.4627439054306
40.67188597612956,-73.46297002016804
40.662875854067785,-73.46260442764209
40.66309275847025,-73.47181138768545
40.66322961917822,-73.48077222029846
40.66290524624617,-73.4896425802838
40.663185947705905,-73.49881878145354
40.66276450819396,-73.5076061078271
40.66291753423111,-73.5166091149571
40.662969668841605,-73.52602496289757
40.66320139960898,-73.53478533882382
40.662946152763695,-73.5436591108405
40.663003647551804,-73.55298420175923
40.66303706461335,-73.56195069014993
40.66282917173351,-73.57066441152107
40.662775296230464,-73.57963846624385
40.663079427698555,-73.58865383020154
40.6629657408027,-73.59788864343639
40.662971931719156,-73.60657696025864
40.66316402110141,-73.61600534800937
40.662960855842535,-73.62471348621155
40.66315124858702,-73.63393314048179
40.66316563906551,-73.642762450949
40.67200983570027,-73.64301649274906
40.680995573956146,-73.64284295330923
40.69007719973799,-73.64260307269723
40.69873632854927,-73.64277062485347
40.70779632116131,-73.64287193086233
40.71710948712917,-73.64269390505449
40.72601754213297,-73.64299467113074
40.734886529250424,-73.64294030058186
40.74418157645808,-73.64279333518193
40.75315710549591,-73.64295231961972
40.76206082818854,-73.64286380520319
40.77087949855315,-73.64281470015344
40.77989541673201,-73.64298620380302
40.78888648083105,-73.64282028800771
40.798048263137325,-73.64270083373269
40.80709841000958,-73.64293509968512
40.81622460963409,-73.64284543387745
40.82508956536013,-73.64267704066198
40.83418997761799,-73.64300971458609
40.84305650195188,-73.64261031704868
40.85221953280217,-73.6429917247344
40.852162114596865,-73.63394537403617
40.85180858429754,-73.62496435504606
40.851938106781994,-73.61588342228923
40.85180527867424,-73.60702154339394
40.852120677023954,-73.59793440989489
40.85215472316777,-73.58891433127012
40.852094587331095,-73.57959382626667
40.85196942505259,-73.57061533015553
40.85208488741867,-73.5617185092618
40.85196891373179,-73.55267803895724
40.85206930787137,-73.5436826785119
40.8517429254588,-73.53481547441501
40.851992319675695,-73.52589194893271
40.85201195398164,-73.51675809259811
40.85185183344474,-73.50785190965283
40.85189864109363,-73.49858411043189
40.851842956841054,-73.4895953200853
40.8521268589301,-73.48086903021213
40.85179392549866,-73.47202726985145
40.85176628389276,-73.462763845593
40.85199613962651,-73.4537652302002
40.84308133111911,-73.45379014173584
40.833754026964584,-73.45392118983358
40.824869181163365,-73.45397470308247
40.81583383014737,-73.45362240717257
40.807061383299484,-73.45399976126114
40.797939951217565,-73.45388493963279
40.78914832537992,-73.45375588179837
40.779900933167184,-73.4540353351549
40.77108969785207,-73.45397046877656
40.761816838966965,-73.45353920113511
40.7527637505553,-73.45380785100747
40.74379683689799,-73.45365210002316
40.73516206964578,-73.45374906399316
40.72612167602608,-73.45362963946594
40.71683790057707,-73.4535574372627
40.70792954096288,-73.45354033030443
40.69907379120163,-73.45377370290548
40.68988465198984,-73.45365140951769
40.68082464893627,-73.45370694449933
40.672024476729604,-73.45359985048815
40.662982513347636,-73.45395211677588
40.654003453787695,-73.45356410403521
40.65403983766054,-73.46270561795552
40.65385779258277,-73.47161226189476
40.65373751592832,-73.48062447387984
40.65377609324295,-73.4898200621552
40.65413772320493,-73.49876652263866
40.65383720555763,-73.50756535694235
40.654009775661244,-73.51677428142453
40.653937756359525,-73.52592128450469
40.653906984889204,-73.53472030859476
40.65415888064165,-73.54393169674692
40.65410000899584,-73.55299596213975
40.6538890656764,-73.56187849361058
40.6542230066829,-73.57075093280153
40.65396081217158,-73.57963489936232
40.65418044641555,-73.58881981745249
40.65409504167521,-73.5975758937117
40.654158767008525,-73.60685074531341
40.65376063266045,-73.61558373991423
40.654120887184796,-73.6246799681625
40.653849398247246,-73.63394751697903
40.65405584856962,-73.64295515959564
40.65375127036278,-73.65197850818458
40.66275338925899,-73.65197352000949
40.67212970446492,-73.65198129354694
40.68073645897355,-73.65173091953649
40.689883181869234,-73.65195612911364
40.69901360633715,-73.65199598211986
40.70815921407292,-73.65183094798113
40.71701155151771,-73.65165380240693
40.72621291201308,-73.65167858573638
40.7349767508304,-73.6517315399039
40.744218662340316,-73.65166072401485
40.753217355676775,-73.65177008645979
40.76199760829486,-73.65162101493004
40.771006745711404,-73.6515958181295
40.77992570763318,-73.6520095163773
40.78887602870272,-73.65190014333596
40.79783363559681,-73.65164007994768
40.80721417643631,-73.65187234575913
40.81590374702208,-73.65173478437663
40.82519192489771,-73.65174842064597
40.83384823812209,-73.65186717133211
40.84317230463263,-73.65169567621194
40.85197464472343,-73.65179710884635
40.86118701506135,-73.6515456402345
40.860969783916914,-73.64289806545274
40.86113889436652,-73.63398790799964
40.86100208436155,-73.62491196607495
40.861167451848566,-73.61587026772128
40.86112089760401,-73.60660582864196
40.86078330975079,-73.59803611650825
40.861127378276215,-73.58878056561956
40.86087551825123,-73.57959106795754
40.86106498706779,-73.57063443344153
40.860841644406186,-73.56187944163328
40.86118499695669,-73.55257690539293
40.86083214018006,-73.54401052611827
40.86100037855901,-73.53500940020645
40.86111639744745,-73.52580410964637
40.86074696741842,-73.51687002083746
40.86116264574924,-73.50802968788446
40.860756661576104,-73.49897290249616
40.86090004036615,-73.48995036127519
40.86102180082574,-73.48069529874209
40.86101743059075,-73.47165685918357
40.86075694471217,-73.46280078602102
40.86120923833532,-73.45381298776738
40.86079569987192,-73.44459291099234
40.852091635655114,-73.44464222216428
40.84314702639867,-73.44485850790564
40.834110813979414,-73.44489524963855
40.82500881002752,-73.4447674384879
40.81590711412914,-73.44487104171485
40.80712973307219,-73.44501797711239
40.79806062479167,-73.44468555606973
40.78873342481848,-73.44461779014637
40.78001149684969,-73.44459393461386
40.77106202910095,-73.44490360444031
40.76186601086586,-73.44463754128974
40.75320363199687,-73.44492695164979
40.74415804567156,-73.44457471884195
40.73519120782139,-73.44460074522596
40.725974012505404,-73.44488858532934
40.716916046401145,-73.44464361088407
40.70793938141074,-73.44470509312632
40.69874057305782,-73.4445483361428
40.68996132958446,-73.44478667204454
40.68084459727056,-73.44492417503987
40.67200548807255,-73.44489497152267
40.662744091319524,-73.44456620857854
40.65396698087788,-73.44500835523903
40.64480558307905,-73.44486943370025
40.64510086000252,-73.45357586682564
40.64492242668077,-73.46267167068802
40.64513851153717,-73.47179701058185
40.64494271350853,-73.48087741174882
40.64489394501572,-73.48983713016149
40.645076505816505,-73.4988803314821
40.644837993017106,-73.50758158183056
40.64514329761502,-73.51670973471035
40.64516244173953,-73.52574342835989
40.64505203275557,-73.53464947556509
40.64476933394487,-73.54390278192851
40.6447923203948,-73.55258106126684
40.645033570938175,-73.56175620535961
40.6450848581331,-73.57098006300653
40.6449080218619,-73.57965444538864
40.64508804532569,-73.58898826163491
40.64518030088396,-73.59764887196374
40.64522445982178,-73.60661399484677
40.644802072696095,-73.61589777265715
40.64508605594451,-73.62493625329351
40.6449016903404,-73.63362095686905
40.645177886416356,-73.64273502897674
40.645010831715354,-73.65160640190611
40.64516396042644,-73.66076189470613
40.653746252419516,-73.66097949212781
40.663160991610084,-73.66099762109074
40.67217749930667,-73.66102505292442
40.68118995199252,-73.66069856069034
40.689936891721615,-73.66077985911535
40.699095812228784,-73.6608225057482
40.70799367052445,-73.66057963332742
40.71699229899055,-73.66059469898428
40.72588961656712,-73.66058656534851
40.735159979895855,-73.66069697113629
40.74400876349123,-73.66058578581837
40.75301436443531,-73.66091577103263
40.76219208268068,-73.66084173873628
40.771069381484686,-73.66063087060667
40.780022699339085,-73.66056555993997
40.78910693618873,-73.66082283960685
40.79787307150994,-73.66081004611554
40.807000695400504,-73.66083851254662
40.81583904413169,-73.6606833495602
40.82498321158248,-73.6607017053339
40.83399570319186,-73.66093976910372
40.84275827786579,-73.66069333639774
40.85202327417183,-73.66094849192845
40.860975480977814,-73.66072456865415
40.87012722873235,-73.66100679182222
40.86991381643264,-73.65194776629644
40.870028481793064,-73.64287330911397
40.86985276238268,-73.63369394363154
40.86998789519224,-73.62477763914268
40.86990326764746,-73.61559639059142
40.869890837475886,-73.6067324125175
40.87010944121075,-73.59799631393172
40.87021761733649,-73.58901362931427
40.870101890578795,-73.57975770668084
40.86993795992566,-73.57059093415903
40.86977147371173,-73.56156911614977
40.86986828275334,-73.55272587284516
40.86998682533205,-73.54397241718408
40.8701405666714,-73.53500937031801
40.86973363626678,-73.52598736939144
40.86976206293202,-73.5167355001256
40.86979940328573,-73.50782555476536
40.87019619197324,-73.49890205243048
40.870229925140265,-73.49003054712921
40.87004462834527,-73.4810326800542
40.86989283553038,-73.47199976680574
40.870085416090824,-73.462722124858
40.87001150408704,-73.45383939848372
40.87016706577649,-73.44462474217868
40.87010917759797,-73.43589558664955
40.86081259321031,-73.43589564306184
40.852115850455135,-73.43559120310981
40.84290290038587,-73.4358574523366
40.83389894941988,-73.43565170395107
40.825026040609956,-73.43558177168639
40.815988716981565,-73.43569998866596
40.807053659488616,-73.43564721707519
40.79817675955097,-73.43589865783738
40.788994023370876,-73.43554848819814
40.78002643786591,-73.43560883473596
40.77079131610751,-73.43599097507115
40.76214173701168,-73.43595800207255
40.75320690386609,-73.43570900961421
40.74375332474564,-73.43595519183341
40.73491590654453,-73.43556072971485
40.72577233407764,-73.43571152468647
40.71685346171399,-73.43572441181628
40.70775475951347,-73.43585821419985
40.69876865885979,-73.43584158047062
40.689966980659676,-73.43599695758297
40.681146710951865,-73.43570221030619
40.67201563747911,-73.43580023082912
40.66280601872739,-73.43556736560032
40.65417136475425,-73.43574121662253
40.64481514238612,-73.43565185176998
40.63586773706094,-73.43563976610963
40.636142105466824,-73.44489134585959
40.63608096332904,-73.45375571375291
40.63588409613481,-73.46296051875832
40.63618485885506,-73.47160808747856
40.63593807116077,-73.48092808828679
40.635922921569055,-73.4899891373607
40.63618660234316,-73.4988883407368
40.63607912082002,-73.50791935381447
40.63590700827601,-73.51678663378333
40.63580077565148,-73.52570585097716
40.636205026096725,-73.53472154580642
40.63586067109049,-73.54389972717165
40.636104037394155,-73.55257333499823
40.636139674246806,-73.56178492436949
40.63619635074456,-73.57055012207546
40.63592242451551,-73.57968830901679
40.63603225163536,-73.58888337781632
40.63584158378755,-73.59794229260778
40.63596142109472,-73.6065591392989
40.635806657582876,-73.61562574754336
40.63575979989709,-73.62487272878506
40.63617894195987,-73.63399655479495
40.63580541769462,-73.64286405189179
40.63575888763134,-73.65182435531838
40.63610146432502,-73.66065864501094
40.636101357443536,-73.66967189210649
40.64491469222999,-73.66980086925649
40.65406016474934,-73.66973571979659
40.662877260914975,-73.66988044251934
40.67200504126593,-73.66971848728308
40.681186510217515,-73.6697910878535
40.69012636739914,-73.6699838038402
40.69892884764463,-73.66994773023609
40.70814966786297,-73.66955421743721
40.71686185366198,-73.66979714562474
40.72580970739685,-73.66955369239267
40.7350138290448,-73.67003182358494
40.74374404020138,-73.66956873495205
40.75319196998836,-73.66973459795011
40.76175654707553,-73.66999514434633
40.77105115465419,-73.6699688055304
40.77995152594333,-73.66980986319825
40.78912893495002,-73.66963866769471
40.79807397951096,-73.66962783971326
40.80721866393533,-73.66980794573185
40.815771705321424,-73.66992437116191
40.82497964252928,-73.66981149353055
40.833890697801934,-73.66992210727967
40.84298595819357,-73.67000887891183
40.851820135092865,-73.67000832604849
40.861056182458015,-73.67001844126035
40.87002751273702,-73.66999949447401
40.87878564951654,-73.67003214944268
40.87890393634283,-73.6609626514643
40.879120528518406,-73.65188393736314
40.87910699454256,-73.64273433808088
40.87900940163856,-73.63382767603893
40.879201998879076,-73.62463558017583
40.87895201430988,-73.61596248129794
40.878994229914326,-73.60678204787823
40.87877287534061,-73.59760704290585
40.878833841466296,-73.58901778168382
40.87908636623836,-73.57999281007376
40.87873657365755,-73.57066315589864
40.87915416783799,-73.56153923749584
40.878778120453795,-73.55279894640906
40.878931594924914,-73.543910987835
40.87873594166842,-73.53480210986717
40.87904631794404,-73.52579432246117
40.878874543078396,-73.51667172332063
40.87921140623213,-73.50781318014417
40.87918060210006,-73.49856323474557
40.879199612269325,-73.48986574803821
40.878815495577044,-73.48080831792296
40.87903144421611,-73.4715847496158
40.87901829899234,-73.46297404056347
40.87910592070396,-73.4536849784069
40.87906597364464,-73.44458529754633
40.87902039847515,-73.43601387825069
40.87890838976831,-73.42703278603061
40.869765601619584,-73.4268936594882
40.86104920650372,-73.42673687511528
40.851841232405704,-73.42693198118049
40.84313819032674,-73.42691386249791
40.83388224838742,-73.4269886811517
40.82487705536206,-73.42691999556678
40.81579918015974,-73.42695266692346
40.8070790636062,-73.42654939539254
40.79804843217072,-73.42692676775246
40.788900241234614,-73.42687395668725
40.77996133442148,-73.42656408989318
40.77098151033576,-73.42686943692016
40.7619445322594,-73.42662986530001
40.753135260834995,-73.42684163883936
40.743866372159005,-73.42671119435668
40.735157191649954,-73.42662236054014
40.72605030424327,-73.42657871087883
40.71697835499572,-73.42702780121554
40.70783991740362,-73.42679686123265
40.698961479613686,-73.42686971179009
40.69008088684784,-73.42659087775976
40.681069193643815,-73.4267493095782
40.67179714523437,-73.42662492094061
40.66302478405515,-73.42701453721808
40.65417954173317,-73.42682941575752
40.64473756737633,-73.4267024781915
40.635888262462295,-73.42695295164745
40.62678843131228,-73.42679114981169
40.62712898413355,-73.43565364551908
40.62720649278547,-73.44489015846335
40.6269752985156,-73.4537611239
40.62718954318917,-73.46298607694001
40.626926161940546,-73.47160476385876
40.62673821365175,-73.48064802089708
40.62704518409494,-73.4899760928883
40.6268118089698,-73.49870615436652
40.62693717104267,-73.50755852423632
40.626836396163235,-73.51654765591552
40.62718495208553,-73.52559817169836
40.62718107009407,-73.53502250199968
40.627083619655096,-73.5436952586054
40.62694386646659,-73.55283649131252
40.62679507508123,-73.5620019782308
40.62696752139178,-73.57072945718835
40.62697437262996,-73.57968683695624
40.627011156842556,-73.5890190752358
40.62692288599466,-73.59801676897635
40.62679729735123,-73.60667877823587
40.62674431498397,-73.61575442188969
40.62699363500692,-73.62476894559028
40.627084210649954,-73.63398716232486
40.62685473613769,-73.64267629805157
40.62706789902601,-73.65168933119885
40.627186069754735,-73.66095684937285
40.62679630330028,-73.66966823070261
40.626778935506394,-73.67881421505079
40.635877858232625,-73.67896826912808
40.64504846978451,-73.67902393778084
40.65415507285426,-73.67881395308054
40.66302814979606,-73.67874374223166
40.67174453353379,-73.67898749391158
40.6811821617572,-73.6788337055725
40.68979955253693,-73.67887858837892
40.69921729492694,-73.67901929601855
40.70818916573011,-73.67858284361913
40.71719711969411,-73.67871399391792
40.72583774998191,-73.67886959322915
40.735183723507745,-73.67889021633796
40.74422044651004,-73.67887544105575
40.75282183762147,-73.67884262392988
40.761760054161996,-73.67872956561266
40.77082971547487,-73.67864657565991
40.78022311782684,-73.67853870480876
40.78883595587655,-73.67886918768737
40.797965119556146,-73.6785669330202
40.807168785275174,-73.67901928610914
40.81587455515914,-73.67864317766326
40.82515007489314,-73.67884525136755
40.83405754265884,-73.6790319392346
40.84281388141297,-73.67869995809188
40.85188412381601,-73.67894200841755
40.86079603333339,-73.67872288044069
40.87014931167068,-73.67875020253477
40.879011685271,-73.67873893154484
40.888001983995125,-73.67861391503295
40.88792284819701,-73.66959484613568
40.887777576497655,-73.66098656928887
40.88810912812588,-73.6516992186632
40.88803331922877,-73.64294973062538
40.88786777201782,-73.63392025395473
40.8880731204634,-73.6246624623999
40.887920366810945,-73.6159439839195
40.88797837784348,-73.60685391954809
40.887940167455994,-73.59761095053356
40.88816958712431,-73.58880950924146
40.888022921200175,-73.57996780470855
40.888147635583394,-73.57092866240242
40.88784483821537,-73.56187506059443
40.88779509916918,-73.55268851075239
40.8879061428632,-73.54366097894155
40.88785107551445,-73.53503206377698
40.8881574837398,-73.52592772089042
40.888209912035386,-73.51693000840471
40.88783369505213,-73.50771235258725
40.88780270376965,-73.49880892600656
40.8881562819875,-73.48960716265229
40.88785215072653,-73.48055373983703
40.88816756638101,-73.47171130028384
40.8879254598222,-73.46255063089845
40.888206075010054,-73.4537234072845
40.888044092463105,-73.44490830736524
40.88822215119369,-73.43562781346343
40.888152021515474,-73.42679622391428
40.887822068724695,-73.41793637532699
40.87920820997411,-73.41798412632596
40.86988657874832,-73.41765020093695
40.86117412858534,-73.41761888167319
40.85201377790923,-73.4180093628601
40.84297621520122,-73.41781717573555
40.83381281183644,-73.4175658026929
40.82478804312109,-73.41754183086327
40.81579047763904,-73.41768742005807
40.806836518509805,-73.41765294950132
40.79782719431689,-73.41773715631787
40.78878697043276,-73.41765604823385
40.780108925509836,-73.41770549063321
40.771006792634736,-73.41801963533653
40.761838617189646,-73.41785538874578
40.753100246760596,-73.41784788523258
40.743845885916755,-73.41780988292653
40.73500355248788,-73.41763686073396
40.725929455476304,-73.4179494081757
40.716937699605694,-73.41756824033128
40.708205875848,-73.41797740298806
40.699166869182164,-73.41765116949017
40.68998152343602,-73.41771970891477
40.68087022959389,-73.41766279707353
40.67197885834258,-73.41779748123521
40.6630785144514,-73.41760749049485
40.65381398710161,-73.4175516827806
40.64482264255917,-73.41802867357138
40.63588511374223,-73.41779269904318
40.627115923300856,-73.41802283420762
40.618052219389554,-73.4175634982665
40.617943066093616,-73.42690777181939
40.61805356614794,-73.43575232007701
40.61810775522155,-73.44499169949842
40.617808997556466,-73.45370682974706
40.617796090358596,-73.46299707745445
40.61805225693192,-73.47195623000627
40.61773949113523,-73.48090606954516
40.617768928884,-73.48971105954006
40.617942041542435,-73.49889797930996
40.6182290279499,-73.50769323855236
40.618171579722826,-73.5167610002512
40.61789253912312,-73.52574733554509
40.617879335884474,-73.53485743637654
40.61803150149579,-73.54379064396713
40.61808389948371,-73.55256263226912
40.61787954087129,-73.56166531907728
40.617841929137334,-73.57065547724319
40.617943699604204,-73.57978596452726
40.61792468891514,-73.58883787231221
40.61804422881749,-73.59785795109353
40.618150789728126,-73.60656874817273
40.618171720209595,-73.6159137352157
40.618092295125656,-73.62457119383956
40.61805537132697,-73.63381862328892
40.61819248128459,-73.64270735045818
40.61820316776753,-73.65192835169985
40.61788137376512,-73.66080392571543
40.61822688623249,-73.6700375014922
40.61822831138948,-73.67891251604922
40.61793792425044,-73.68774707003925
40.62722596564348,-73.68787308222015
40.6362023913816,-73.68768307605819
40.64511592951357,-73.68790277715252
40.65402511445934,-73.6877706534541
40.66274351628131,-73.68758417263743
40.67213078104528,-73.68768129032817
40.68087885534731,-73.68775621726712
40.68975252406061,-73.68781695810351
40.69902954504872,-73.68801667300421
40.7077790481555,-73.68800326732587
40.71689380818768,-73.68755200320759
40.72611347767109,-73.68765683759409
40.735020065079546,-73.68764726510028
40.743862758699734,-73.68787222167111
40.7529111845397,-73.6877748987661
40.76205996230475,-73.68765495698231
40.771210827912306,-73.687740919726
40.78004092149808,-73.68783868244833
40.78888031385324,-73.68779701185184
40.79794498214433,-73.68773202601031
40.80711999007546,-73.68802001194256
40.81581579947027,-73.68770021013225
40.82508033749925,-73.6877242164943
40.833816097845116,-73.68779971369095
40.842760589576926,-73.68788723374549
40.851904671060694,-73.68793035665783
40.86098745247138,-73.68797589050038
40.86987273687688,-73.68766624418205
40.87911089918807,-73.68758376919456
40.88800609456741,-73.68761217698622
40.896950519366676,-73.68792471471374
40.89720185683525,-73.67866967134815
40.8971417788817,-73.66996147994787
40.89686371185848,-73.66092174418878
40.89689549712519,-73.65184640196237
40.896737854203124,-73.64267016167541
40.89702647672194,-73.63399122226633
40.897039254339866,-73.62486900195604
40.896995183803845,-73.61588908792355
40.897166078903005,-73.60686057613253
40.896911551346435,-73.59787222022274
40.89709123711348,-73.58889185637493
40.897025735855706,-73.57972554321988
40.897058071482704,-73.57072053720293
40.896833250112095,-73.56163373581764
40.89676284758551,-73.55262906823744
40.89708052557248,-73.54395773748271
40.89710678553432,-73.53486766584051
40.89679377575664,-73.52567757844135
40.897083724483274,-73.5167807121112
40.897159602449285,-73.50783569576991
40.896920169896255,-73.49866244641318
40.89675520249525,-73.48957759285953
40.897122100389375,-73.48070269874538
40.89681562061369,-73.47174041966299
40.896771189390265,-73.46272027820883
40.89675752284939,-73.45395860939313
40.89682956946435,-73.44477807703736
40.89687431143944,-73.4358282709637
40.89679056968305,-73.42684620779582
40.89698449005463,-73.41779981249842
40.89687518779915,-73.40870317609884
40.888063660238174,-73.40858000517714
40.87883110952293,-73.40867312724401
40.86982055113266,-73.40884476381936
40.861152156095855,-73.4087843841872
40.851821665189966,-73.40863252937899
40.842863056072005,-73.40895797555736
40.834071289583825,-73.4087027009518
40.82475466725208,-73.40876459516464
40.815952993123574,-73.40893797162822
40.807212061709045,-73.40893468312103
40.79780545218669,-73.40863148419558
40.78894953495776,-73.40871163033633
40.779861440259815,-73.40869839823483
40.77107496794702,-73.40902758884263
40.761971693054086,-73.40856525026635
40.753162547263216,-73.4088305047844
40.74387471462316,-73.40882917310458
40.73488015710632,-73.4087653890186
40.725792016065256,-73.40854869904067
40.71709058079366,-73.40898712966256
40.70779006362137,-73.40896985531532
40.698983084910736,-73.40892191757405
40.69010862154266,-73.40863263348615
40.68102851302701,-73.40888598709668
40.67219059670666,-73.40856083678386
40.66309596027811,-73.40896748984649
40.65400691560155,-73.40892344260595
40.64481594442128,-73.40896957902768
40.635827711466504,-73.40886652114821
40.627047133811224,-73.40882011065119
40.61799552507028,-73.4087467903029
40.60915666105962,-73.4089269312221
40.60908017074874,-73.41781356218176
40.60907453807635,-73.42658444976847
40.60898692364599,-73.43567599562367
40.60879908936617,-73.44483636900978
40.60913764947837,-73.45355321572508
40.60892454876357,-73.46281840020087
40.608934821839725,-73.47154196707409
40.60903304096128,-73.48055519247478
40.6090934788305,-73.48977625168155
40.6088552572322,-73.498627681972
40.60912655803887,-73.50801915400287
40.60876909191722,-73.51692193202804
40.60886647602567,-73.52588359408514
40.60885462958926,-73.5348474768339
40.60902181516365,-73.54376452554939
40.609123516801425,-73.55290828105774
40.60919200371981,-73.56155529565294
40.609081313519305,-73.57095943928174
40.6088409043298,-73.57981043928596
40.609080575266546,-73.58868038915006
40.60902974395069,-73.59763445547551
40.60880199344488,-73.60667347005297
40.60894148420558,-73.61583110210123
40.60903606595304,-73.62468784334145
40.60918649380701,-73.63397577071603
40.60875861390569,-73.64291030245587
40.6090070659197,-73.65163695179676
40.609176278960824,-73.66077058336329
40.6092321991,-73.66985482924497
40.60879816963644,-73.6786903125114
40.609145640709066,-73.68792036666886
40.60898114965851,-73.69694051325256
40.61788871051939,-73.69686446008079
40.62695262416184,-73.69674312193075
40.63590343080584,-73.6965683608496
40.64488263782115,-73.69664768620737
40.65385951320112,-73.69689597401789
40.66307482701534,-73.69654668433428
40.67206234554276,-73.69662029133848
40.68101246906869,-73.69689534067183
40.68981266409601,-73.69669645006556
40.69910296840616,-73.69685170998869
40.70776270097116,-73.69701772511753
40.71685589527435,-73.69676788035727
40.726004712752754,-73.69700513837245
40.73486403382603,-73.69688922535815
40.74393725311715,-73.69670843343069
40.752845884532334,-73.69698085610061
40.76197147273398,-73.6967719826327
40.77102461799882,-73.69658836454724
40.78018651092565,-73.69673451933394
40.78906512853044,-73.69659369145805
40.79786873998493,-73.69657862137008
40.80710116672777,-73.69690168152549
40.815850337264735,-73.69686443743694
40.82488475507246,-73.69661643463557
40.83392727893251,-73.6967301080541
40.842794598828824,-73.69672905732958
40.8520156481627,-73.69683768770577
40.86113067890086,-73.69689905246717
40.869836166110595,-73.6968691066762
40.87894652167862,-73.69675717701699
40.88815314679357,-73.69686746671032
40.89694339182565,-73.69656383309525
40.90589555414165,-73.69687580473546
40.90582461327598,-73.68791537619276
40.906016054398975,-73.6785823957495
40.9060569134333,-73.66984476149375
40.90598598147106,-73.66061382772898
40.90613143583595,-73.6518255545096
40.90617936959981,-73.64297476272186
40.90607045829726,-73.633873419224
40.90582250261333,-73.62453825286583
40.90586698416049,-73.6157275315385
40.90578200082227,-73.60667338438657
40.9059138926621,-73.59794474764158
40.90609243604708,-73.58886381257425
40.905894277034555,-73.57965995639084
40.90592316733243,-73.57058187422659
40.906100855118005,-73.56166179979685
40.90574777466383,-73.5528050834229
40.90600955099584,-73.54358598078664
40.90605301531159,-73.53499865910639
40.90595623909891,-73.52593986800281
40.906050587181745,-73.51667647451363
40.905781523157806,-73.50783044144936
40.90589391886146,-73.49886109240157
40.90607161767324,-73.4899817985618
40.905905848511914,-73.48085982051475
40.90575076489681,-73.47187451675123
40.906171215096904,-73.4628419642775
40.90620630967132,-73.45394213712348
40.90587383016517,-73.4445434723366
40.90593046454495,-73.43557671615021
40.906008244224765,-73.4265486644686
40.905963531557546,-73.41764168543119
40.905953690104354,-73.40870384435016
40.906022953527476,-73.39963567048603
40.89676939448755,-73.39968395664609
40.888088446066355,-73.39994870175707
40.878797789824254,-73.3998419518421
40.86986278667472,-73.39981010021114
40.861004573518045,-73.39980700885017
40.85174004593839,-73.399992184478
40.84281367883312,-73.399834135557
40.834072939225834,-73.40002791452781
40.824999786202845,-73.39964991731996
40.815941588236015,-73.39976495265364
40.80697633605885,-73.39979404083104
40.79786303379015,-73.39970722894432
40.78886104278997,-73.39970605649775
40.78000140303242,-73.39962477804848
40.77120080845262,-73.39988071696717
40.76222992290631,-73.39969941883325
40.7530064279199,-73.39989244367547
40.744127263227575,-73.39987230458108
40.73500815084634,-73.39978324527806
40.72610338935899,-73.39983151742167
40.71687253517539,-73.39990969875254
40.707882306130124,-73.39997017762423
40.698814669868405,-73.39983246984245
40.68976674874219,-73.39998717779659
40.68108490167794,-73.3997340293704
40.67192271380508,-73.39959962488182
40.66297224892596,-73.40003597954042
40.65422440841035,-73.4000140106186
40.645007919420564,-73.39965892262194
40.636088020694444,-73.39968941011212
40.62675627400688,-73.3996870519675
40.61777422603389,-73.39962738224521
40.60888284652243,-73.39983857222741
40.59985323653914,-73.39960776839044
40.60013740961219,-73.40875067090552
40.599935903065656,-73.41782450886026
40.60022215025659,-73.42661717740681
40.599739917174986,-73.4357601256499
40.60022451493146,-73.44503794693878
40.60012098486622,-73.4537916872709
40.59979508145542,-73.46263787416304
40.599974944997,-73.47201613886789
40.59990068158722,-73.48092875106336
40.60005938928872,-73.48955118473798
40.59990369860074,-73.49892777467878
40.599787840442225,-73.50775987873452
40.600165110320305,-73.51677655027929
40.600215885810634,-73.52582599664376
40.59986327574985,-73.53475678105556
40.59988528605046,-73.54353815434058
40.600028197071744,-73.55284927714501
40.600183674186695,-73.5617710952754
40.60007318067641,-73.5708201687555
40.600001737129574,-73.5796392905936
40.599773148647095,-73.58877241552098
40.600223633514666,-73.59798175966867
40.59974975056476,-73.60665415216504
40.600194932603245,-73.61555943536321
40.59982503901,-73.62456475007235
40.600216894896214,-73.63370299119991
40.600108475059876,-73.6426338423521
40.59981677329589,-73.65180781170743
40.60019748949519,-73.66099778711353
40.59983840229624,-73.66956423848201
40.60000752524597,-73.67877038206149
40.60019464059742,-73.6879909087198
40.59975368206136,-73.69655332572334
40.60009669104943,-73.70569729525639
40.60880093112776,-73.70584020638952
40.61805797340084,-73.70580579426723
40.62721879425554,-73.7055994836854
40.63601178972298,-73.70560188600017
40.6451312473507,-73.70591270478023
40.65378507878729,-73.7059092227231
40.66288000105085,-73.70576846280488
40.67194223634189,-73.70564320404901
40.680989010365884,-73.70554740521152
40.68982900729903,-73.70558700937582
40.698749530769675,-73.70594983976626
40.70786461743446,-73.70567123623204
40.71714958816432,-73.70567695774275
40.725833456533785,-73.70589079643972
40.73498183825029,-73.70585447859982
40.74384278844794,-73.7060368353165
40.75299272852022,-73.70589265833493
40.7617999733282,-73.70555014242274
40.771218081120516,-73.70559424992176
40.7798830027551,-73.70584086837239
40.78887726095697,-73.70564323186892
40.7981716847512,-73.70562208228601
40.80685469671712,-73.70569561937437
40.81609252257235,-73.70567905417194
40.82487740149374,-73.70575086376819
40.83416373194415,-73.70563147960338
40.84309955014663,-73.70576428491158
40.85222098535524,-73.70581830399078
40.861076215115915,-73.70571228319311
40.87009758008641,-73.70582784321601
40.87895737334426,-73.70580116458757
40.8879041842841,-73.70575615567797
40.89700417481034,-73.7059447495306
40.90593512355375,-73.70599624810883
40.9149719248144,-73.70576563985203
40.915179343338565,-73.69659914213166
40.91473880824275,-73.6878835145696
40.915006824508325,-73.67899330008889
40.914741020743165,-73.66963141789131
40.915017396955456,-73.66056594226136
40.91518217978061,-73.65163005297637
40.91491322979746,-73.64263407010105
40.914769971430374,-73.63373274846447
40.9149724617311,-73.62495821772231
40.91514775269779,-73.61595477606099
40.91514430019221,-73.60694688736226
40.915162069603966,-73.59775803810037
40.91474970527351,-73.58884672327721
40.91495897559518,-73.57964859276575
40.91499904021272,-73.57099252305376
40.91507057999545,-73.56196857126652
40.91481804490654,-73.55290194805488
40.91521867780833,-73.54363862931761
40.91476088162639,-73.53474304209472
40.914758158513315,-73.52585925463816
40.91494210292309,-73.51673772076973
40.91509282190885,-73.50768088110641
40.91493536080815,-73.49901759792428
40.91474948262825,-73.48954474927537
40.91497516959467,-73.48094059852683
40.915029152213435,-73.471737347897
40.91498352702909,-73.4630207051937
40.915043784322485,-73.45367643963938
40.91516276660841,-73.44491756296841
40.91509172755223,-73.43595129097014
40.91478910981671,-73.42701688246332
40.91494960152721,-73.41766486899867
40.91477125582654,-73.40891584141222
40.91523122802095,-73.39982885564903
40.914931815799356,-73.39060172551851
40.90613769539304,-73.39064095944163
40.89722842861696,-73.39064882809915
40.888160665869286,-73.3909355563879
40.879205992178065,-73.39090492335302
40.86995177151924,-73.39077630638079
40.860777268334225,-73.39085802780437
40.85201852029814,-73.39062638731123
40.842962347651714,-73.39084362316095
40.833906401772516,-73.39087395036545
40.82490919527158,-73.3905946840453
40.815808699136376,-73.39074016504702
40.806912807573866,-73.39076615865984
40.79794922695366,-73.39055618429411
40.78904677388347,-73.39102186970683
40.77983404846717,-73.39086953172203
40.77084688462213,-73.39092761718558
40.76182431992949,-73.39083829893134
40.75305516665368,-73.39061585929984
40.74408833765418,-73.39062545640056
40.73511927182063,-73.39100756647386
40.72586447518822,-73.3910088028725
40.7171103871223,-73.39066623049129
40.707802084977764,-73.390646980606
40.6987498525237,-73.39084205184808
40.6901966077792,-73.39057401150458
40.680882058893616,-73.39100358500603
40.67201509373814,-73.39092729455517
40.662999182829886,-73.39072584895392
40.65409102427249,-73.39094902861164
40.6449740795785,-73.39091309165002
40.635954741335375,-73.39072482086024
40.62719331118642,-73.39078135281753
40.61807536656781,-73.3906833720461
40.609132121008884,-73.3909425086972
40.599751163242296,-73.39088333175923
40.5908014307872,-73.39101099606165
40.5909366526755,-73.39976229794647
40.59111730102109,-73.40875330126833
40.59118799230012,-73.41792154921141
40.59110917872882,-73.42669184680422
40.59082848711708,-73.43560159788363
40.59109755571583,-73.44487018538535
40.59089563357735,-73.45368079341546
40.59115645474595,-73.46284008333696
40.59098708194683,-73.471815414104
40.59103754182206,-73.48079746971808
40.59087040899015,-73.48982469921619
40.591040464102896,-73.49870792449123
40.591132345003615,-73.50766949774257
40.5909454037217,-73.51692430113644
40.590883827008966,-73.52587467212417
40.591152327094285,-73.53496516344356
40.59103320540548,-73.54399036282125
40.59084389115402,-73.55257991195089
40.59103658385417,-73.56201989030714
40.590763000682045,-73.5710104362663
40.59116205134536,-73.57965716549248
40.59103537664004,-73.5889688503283
40.59086965474797,-73.59768610617645
40.59103719500897,-73.60687157855311
40.590989189992996,-73.61597007151418
40.59074073739215,-73.62468022892027
40.59096647195315,-73.63369451919591
40.59119019716969,-73.64286635489026
40.591030441259946,-73.65193602443667
40.59091383615394,-73.66098080186036
40.590846852819034,-73.66989086759176
40.59099886370841,-73.6785702530387
40.59075605107498,-73.68798387747
40.591035094249875,-73.69684032481132
40.59099261418746,-73.70555587696354
40.591122492122,-73.71474110470702
40.60003956439209,-73.71456045936804
40.60876912860639,-73.71469431592247
40.61775996408838,-73.7145424074293
40.62691497099773,-73.71469307763611
40.63589314821446,-73.71482731491946
40.644801588038334,-73.71476680439854
40.653880785237696,-73.71479358155575
40.663186344171244,-73.71498916941846
40.671880747527,-73.71487696267825
40.680815329760456,-73.71458890387893
40.69000287316318,-73.7147569894247
40.69921802514243,-73.71458100979585
40.707783124777976,-73.71459723536294
40.716762892733364,-73.71495484432154
40.7259880428406,-73.71499788604457
40.73500407889242,-73.71493548468504
40.74395789930055,-73.71489105718723
40.753022640339495,-73.71500884197629
40.76181766269958,-73.71454720238599
40.77108516783736,-73.71478739726065
40.77992530282992,-73.71465064115634
40.78923033918898,-73.71471633108344
40.79805963251962,-73.7145773832228
40.8069551136193,-73.71453994014969
40.815985474305975,-73.71486592805698
40.82511619058475,-73.7149624492446
40.83374727765687,-73.71477486474566
40.842915927339156,-73.71493504169985
40.85216300592004,-73.714637804775
40.860817414219326,-73.71489282833794
40.87011234315183,-73.71488826253865
40.87921272499347,-73.71461560970172
40.88799094789571,-73.71470814158133
40.89719445562304,-73.71494990256866
40.906164748974255,-73.71480401084293
40.9151016332511,-73.71501532850378
40.923767651981635,-73.71496606015567
40.92399912715971,-73.70599415742693
40.92394211056299,-73.69683566024385
40.92407557682439,-73.68771710031008
40.92407998846359,-73.67862624407715
40.92382019135142,-73.66993477070336
40.92387537549167,-73.66062404331123
40.92375121386942,-73.65186714147207
40.92402656863295,-73.64286602097168
40.923804325692025,-73.63381403435137
40.924112326833246,-73.6246257153753
40.92407319571628,-73.61559921978241
40.92386327388502,-73.60671865426092
40.924001952733875,-73.59789084500292
40.92376419233838,-73.5888233903486
40.92380741584305,-73.57971998274759
40.92405461949288,-73.57089272027524
40.92405732741098,-73.56179643638475
40.92420508748623,-73.55256415503804
40.92404649040906,-73.54388930188048
40.92384444114176,-73.53485037968535
